Trade_ID,Timestamp,Symbol,Engine,Side,Entry,Exit,Points,Lots,Gross_USD,Fees,Net_USD,Net_INR,Balance_USD,Status,Notes
1,2026-08-23 21:30:48,BTC/USD:USD,E1_TREND_PULLBACK,BUY,76850.0,77290.0,440.0,100,44.0,3.15,40.85,3431.4,3040.85,WIN (TP Hit),Sync Test Verified
1,2026-08-25 11:25:17,BTC/USD:USD,E1_TREND_PULLBACK,LONG,68000,70000,2000,30,580.0,,580.0,,,CLOSED,TP
,2026-08-26 00:22:16,BTC/USD:USD,E1_TREND_PULLBACK,SHORT,79162.5,79171.5,-9.0,100,-0.9,,-0.9,,,CLOSED,Trail SL (stage 0)
,2026-08-27 11:30:02,BTC/USD:USD,E1_TREND_PULLBACK,LONG,78872.0,78895.5,23.5,100,2.35,,2.35,,,CLOSED,Trail SL (stage 0)
,2026-08-27 12:03:09,BTC/USD:USD,E1_TREND_PULLBACK,LONG,78672.0,78678.0,6.0,100,0.6,,0.6,,,CLOSED,Trail SL (stage 0)
,2026-08-27 13:27:02,BTC/USD:USD,E1_TREND_PULLBACK,LONG,79053.5,79070.0,16.5,100,1.6500000000000001,,1.6500000000000001,,,CLOSED,Trail SL (stage 0)
,2026-08-27 13:30:02,BTC/USD:USD,E1_TREND_PULLBACK,SHORT,79082.0,79062.0,20.0,100,2.0,,2.0,,,CLOSED,Trail SL (stage 0)
,2026-08-27 13:36:17,BTC/USD:USD,E1_TREND_PULLBACK,LONG,79264.0,79300.0,36.0,100,3.6,,3.6,,,CLOSED,Trail SL (stage 0)
,2026-08-27 15:20:34,BTC/USD:USD,E1_TREND_PULLBACK,LONG,80256.0,80146.5,-109.5,100,-10.950000000000001,,-10.950000000000001,,,CLOSED,Initial SL
,2026-08-27 15:41:36,BTC/USD:USD,E1_TREND_PULLBACK,LONG,80102.0,80122.0,20.0,100,2.0,,2.0,,,CLOSED,Trail SL (stage 0)
,2026-08-27 18:54:03,BTC/USD:USD,E1_TREND_PULLBACK,LONG,79385.5,79408.5,23.0,100,2.3000000000000003,,2.3000000000000003,,,CLOSED,Trail SL (stage 0)
,2026-08-27 18:59:23,BTC/USD:USD,E1_TREND_PULLBACK,LONG,79470.0,79352.0,-118.0,100,-11.8,,-11.8,,,CLOSED,Max SL
,2026-08-27 19:27:33,BTC/USD:USD,E1_TREND_PULLBACK,LONG,79393.0,79390.5,-2.5,100,-0.25,,-0.25,,,CLOSED,Trail SL (stage 0)
,2026-08-27 19:33:43,BTC/USD:USD,E1_TREND_PULLBACK,LONG,79568.0,79601.0,33.0,100,3.3000000000000003,,3.3000000000000003,,,CLOSED,Trail SL (stage 0)
,2026-08-27 19:36:40,BTC/USD:USD,E1_TREND_PULLBACK,LONG,79723.5,79674.5,-49.0,100,-4.9,,-4.9,,,CLOSED,Initial SL
,2026-08-27 20:06:22,BTC/USD:USD,E1_TREND_PULLBACK,LONG,79982.5,80008.0,25.5,100,2.5500000000000003,,2.5500000000000003,,,CLOSED,Trail SL (stage 0)
,2026-08-27 20:09:21,BTC/USD:USD,E1_TREND_PULLBACK,LONG,80221.0,80223.5,2.5,100,0.25,,0.25,,,CLOSED,Trail SL (stage 0)
,2026-08-27 20:15:29,BTC/USD:USD,E1_TREND_PULLBACK,LONG,80357.5,80245.5,-112.0,100,-11.200000000000001,,-11.200000000000001,,,CLOSED,Max SL
,2026-08-27 20:21:47,BTC/USD:USD,E1_TREND_PULLBACK,LONG,80107.0,80114.5,7.5,100,0.75,,0.75,,,CLOSED,Trail SL (stage 0)
,2026-08-27 20:27:25,BTC/USD:USD,E1_TREND_PULLBACK,LONG,80142.0,80161.5,19.5,100,1.95,,1.95,,,CLOSED,Trail SL (stage 0)
,2026-08-27 20:31:13,BTC/USD:USD,E1_TREND_PULLBACK,LONG,80170.5,80191.0,20.5,100,2.05,,2.05,,,CLOSED,Trail SL (stage 0)
1,2026-08-27 21:36:49,BTC/USD:USD,E1_TREND_PULLBACK,LONG,80449.0,80321.5,-127.5,100,-12.75,,-12.75,,,CLOSED,Initial SL
2,2026-08-27 21:57:08,BTC/USD:USD,E1_TREND_PULLBACK,LONG,80465.5,80474.5,9.0,100,0.9,,0.9,,,CLOSED,Trail SL (stage 0)
3,2026-08-27 22:14:16,BTC/USD:USD,E1_TREND_PULLBACK,LONG,80488.0,80489.0,1.0,100,0.1,,0.1,,,CLOSED,Trail SL (stage 0)
4,2026-08-27 22:15:32,BTC/USD:USD,E1_TREND_PULLBACK,LONG,80581.5,80588.5,7.0,100,0.7000000000000001,,0.7000000000000001,,,CLOSED,Trail SL (stage 0)
5,2026-08-27 22:25:53,BTC/USD:USD,E1_TREND_PULLBACK,LONG,80492.0,80398.0,-94.0,100,-9.4,,-9.4,,,CLOSED,Initial SL
7,2026-08-27 23:51:21,BTC/USD:USD,E1_TREND_PULLBACK,LONG,79815.5,79825.0,9.5,100,0.9500000000000001,,0.9500000000000001,,,CLOSED,Initial SL
9,2026-08-28 01:51:26,BTC/USD:USD,E1_TREND_PULLBACK,LONG,80016.0,80025.0,9.0,100,0.9,,0.9,,,CLOSED,Trail SL (stage 0)
11,2026-08-28 03:48:10,BTC/USD:USD,E1_TREND_PULLBACK,LONG,80355.5,80356.0,0.5,100,0.05,,0.05,,,CLOSED,Trail SL (stage 0)
12,2026-08-28 03:51:02,BTC/USD:USD,E1_TREND_PULLBACK,SHORT,80382.5,80368.0,14.5,100,1.45,,1.45,,,CLOSED,Trail SL (stage 0)
13,2026-08-28 04:15:03,BTC/USD:USD,E1_TREND_PULLBACK,LONG,80255.5,80255.5,0.0,100,0.0,,0.0,,,CLOSED,Trail SL (stage 0)
15,2026-08-28 04:39:09,BTC/USD:USD,E1_TREND_PULLBACK,LONG,80227.5,80223.5,-4.0,100,-0.4,,-0.4,,,CLOSED,Trail SL (stage 0)
16,2026-08-28 04:48:06,BTC/USD:USD,E1_TREND_PULLBACK,LONG,80225.0,80225.0,0.0,100,0.0,,0.0,,,CLOSED,Trail SL (stage 0)
17,2026-08-28 04:53:19,BTC/USD:USD,E1_TREND_PULLBACK,LONG,80331.5,80333.0,1.5,100,0.15,,0.15,,,CLOSED,Trail SL (stage 0)
21,2026-08-28 05:48:56,BTC/USD:USD,E1_TREND_PULLBACK,LONG,80364.0,80370.0,6.0,100,0.6,,0.6,,,CLOSED,Trail SL (stage 0)
22,2026-08-28 05:55:32,BTC/USD:USD,E1_TREND_PULLBACK,LONG,80409.0,80327.0,-82.0,100,-8.2,,-8.2,,,CLOSED,Max SL
23,2026-08-28 06:03:32,BTC/USD:USD,E1_TREND_PULLBACK,LONG,80451.0,80456.0,5.0,100,0.5,,0.5,,,CLOSED,Trail SL (stage 0)
24,2026-08-28 06:23:52,BTC/USD:USD,E1_TREND_PULLBACK,LONG,80388.5,80406.5,18.0,100,1.8,,1.8,,,CLOSED,Trail SL (stage 0)
25,2026-08-28 06:24:02,BTC/USD:USD,E1_TREND_PULLBACK,LONG,80414.0,80443.0,29.0,100,2.9,,2.9,,,CLOSED,Trail SL (stage 0)
26,2026-08-28 06:27:28,BTC/USD:USD,E1_TREND_PULLBACK,LONG,80528.5,80531.5,3.0,100,0.3,,0.3,,,CLOSED,Trail SL (stage 0)
27,2026-08-28 06:33:05,BTC/USD:USD,E1_TREND_PULLBACK,LONG,80683.0,80672.5,-10.5,100,-1.05,,-1.05,,,CLOSED,Trail SL (stage 0)
28,2026-08-28 06:51:02,BTC/USD:USD,E1_TREND_PULLBACK,LONG,81048.0,81079.5,31.5,100,3.15,,3.15,,,CLOSED,Trail SL (stage 0)
29,2026-08-28 07:03:16,BTC/USD:USD,E1_TREND_PULLBACK,LONG,81208.0,81216.5,8.5,100,0.85,,0.85,,,CLOSED,Trail SL (stage 0)
32,2026-08-28 09:39:10,BTC/USD:USD,E1_TREND_PULLBACK,SHORT,79663.0,79662.5,0.5,100,0.05,,0.05,,,CLOSED,Trail SL (stage 0)
33,2026-08-28 10:03:13,BTC/USD:USD,E1_TREND_PULLBACK,SHORT,79716.5,79728.0,-11.5,100,-1.1500000000000001,,-1.1500000000000001,,,CLOSED,Trail SL (stage 0)
34,2026-08-28 10:09:59,BTC/USD:USD,E1_TREND_PULLBACK,SHORT,79625.5,79617.5,8.0,100,0.8,,0.8,,,CLOSED,Trail SL (stage 0)
35,2026-08-28 10:18:24,BTC/USD:USD,E1_TREND_PULLBACK,SHORT,79681.5,79688.0,-6.5,100,-0.65,,-0.65,,,CLOSED,Trail SL (stage 0)
1,2026-08-28 21:21:09,BTC/USD:USD,E1_TREND_PULLBACK,SHORT,78709.5,78697.5,12.0,100,1.2,,1.2,,,CLOSED,Trail SL (stage 0)
2,2026-08-28 21:24:37,BTC/USD:USD,E1_TREND_PULLBACK,SHORT,78572.5,78538.0,34.5,100,3.45,,3.45,,,CLOSED,Trail SL (stage 0)
3,2026-08-28 21:31:18,BTC/USD:USD,E1_TREND_PULLBACK,SHORT,78317.0,78290.5,26.5,100,2.65,,2.65,,,CLOSED,Trail SL (stage 0)
4,2026-08-28 21:33:14,BTC/USD:USD,E1_TREND_PULLBACK,SHORT,78037.0,78047.0,-10.0,100,-1.0,,-1.0,,,CLOSED,Trail SL (stage 0)
5,2026-08-28 21:42:56,BTC/USD:USD,E1_TREND_PULLBACK,SHORT,77917.5,77879.5,38.0,100,3.8000000000000003,,3.8000000000000003,,,CLOSED,Trail SL (stage 0)
6,2026-08-28 21:46:01,BTC/USD:USD,E1_TREND_PULLBACK,SHORT,77808.0,77774.0,34.0,100,3.4,,3.4,,,CLOSED,Trail SL (stage 0)
7,2026-08-28 21:48:49,BTC/USD:USD,E1_TREND_PULLBACK,SHORT,77594.0,77566.5,27.5,100,2.75,,2.75,,,CLOSED,Trail SL (stage 0)
8,2026-08-28 23:07:43,BTC/USD:USD,E1_TREND_PULLBACK,SHORT,77808.0,77700.0,108.0,100,10.8,,10.8,,,CLOSED,Trail SL (stage 0)
9,2026-08-28 23:40:27,BTC/USD:USD,E1_TREND_PULLBACK,SHORT,77777.5,77756.5,21.0,100,2.1,,2.1,,,CLOSED,Trail SL (stage 0)
10,2026-08-28 23:51:02,BTC/USD:USD,E1_TREND_PULLBACK,SHORT,77629.5,77629.5,0.0,100,0.0,,0.0,,,CLOSED,Trail SL (stage 0)
11,2026-08-29 01:16:36,BTC/USD:USD,E1_TREND_PULLBACK,SHORT,77517.5,77507.5,10.0,1,0.01,,0.01,,,CLOSED,Trail SL (stage 0)
12,2026-08-29 01:18:02,BTC/USD:USD,E1_TREND_PULLBACK,SHORT,77472.0,77472.0,0.0,1,0.0,,0.0,,,CLOSED,Trail SL (stage 0)
13,2026-09-03 11:21:04,BTC/USD:USD,E1_TREND_PULLBACK,LONG,77505.5,77521.5,16.0,100,1.6,,1.6,,,CLOSED,Trail SL (stage 0)
14,2026-09-03 11:24:18,BTC/USD:USD,E1_TREND_PULLBACK,LONG,77626.0,77627.0,1.0,100,0.1,,0.1,,,CLOSED,Trail SL (stage 0)
15,2026-09-03 11:27:02,BTC/USD:USD,E1_TREND_PULLBACK,LONG,77757.5,77788.0,30.5,100,3.0500000000000003,,3.0500000000000003,,,CLOSED,Trail SL (stage 0)
16,2026-09-03 11:36:32,BTC/USD:USD,E1_TREND_PULLBACK,LONG,77719.0,77726.0,7.0,100,0.7000000000000001,,0.7000000000000001,,,CLOSED,Trail SL (stage 0)
17,2026-09-03 11:46:20,BTC/USD:USD,E1_TREND_PULLBACK,LONG,77682.5,77699.0,16.5,100,1.6500000000000001,,1.6500000000000001,,,CLOSED,Trail SL (stage 0)
18,2026-09-03 11:49:33,BTC/USD:USD,E1_TREND_PULLBACK,LONG,77702.0,77722.5,20.5,100,2.05,,2.05,,,CLOSED,Trail SL (stage 0)
19,2026-09-03 11:54:02,BTC/USD:USD,E1_TREND_PULLBACK,LONG,77731.0,77605.61350231637,-125.38649768363393,100,-12.538649768363394,,-12.538649768363394,,,CLOSED,Bracket SL/TP (recovered)
20,2026-09-03 11:57:01,BTC/USD:USD,E1_TREND_PULLBACK,LONG,77748.5,77629.75718072234,-118.74281927765696,100,-11.874281927765697,,-11.874281927765697,,,CLOSED,Bracket SL/TP (recovered)
21,2026-09-03 12:09:01,BTC/USD:USD,E1_TREND_PULLBACK,LONG,77741.0,77622.30236832707,-118.69763167292695,100,-11.869763167292694,,-11.869763167292694,,,CLOSED,Bracket SL/TP (recovered)
22,2026-09-03 12:12:02,BTC/USD:USD,E1_TREND_PULLBACK,LONG,77767.0,77652.47719916086,-114.52280083914229,100,-11.45228008391423,,-11.45228008391423,,,CLOSED,Bracket SL/TP (recovered)
23,2026-09-03 12:18:01,BTC/USD:USD,E1_TREND_PULLBACK,LONG,77802.5,77694.5679676438,-107.93203235619876,100,-10.793203235619876,,-10.793203235619876,,,CLOSED,Bracket SL/TP (recovered)
24,2026-09-03 12:33:01,BTC/USD:USD,E1_TREND_PULLBACK,LONG,77799.0,77713.85474427577,-85.14525572423008,100,-8.514525572423008,,-8.514525572423008,,,CLOSED,Bracket SL/TP (recovered)
25,2026-09-03 12:34:11,BTC/USD:USD,E1_TREND_PULLBACK,LONG,77842.0,77842.5,0.5,100,0.05,,0.05,,,CLOSED,Trail SL (stage 0)
26,2026-09-03 12:36:20,BTC/USD:USD,E1_TREND_PULLBACK,LONG,78134.5,78068.5,-66.0,100,-6.6000000000000005,,-6.6000000000000005,,,CLOSED,Max SL
27,2026-09-03 12:45:01,BTC/USD:USD,E1_TREND_PULLBACK,LONG,78040.0,77925.83576182477,-114.16423817523173,100,-11.416423817523173,,-11.416423817523173,,,CLOSED,Bracket SL/TP (recovered)
28,2026-09-03 12:55:56,BTC/USD:USD,E1_TREND_PULLBACK,LONG,77991.0,77892.0,-99.0,100,-9.9,,-9.9,,,CLOSED,Max SL
29,2026-09-03 13:03:01,BTC/USD:USD,E1_TREND_PULLBACK,LONG,77918.5,77791.83515735866,-126.66484264134488,100,-12.666484264134487,,-12.666484264134487,,,CLOSED,Bracket SL/TP (recovered)
30,2026-09-03 13:09:01,BTC/USD:USD,E1_TREND_PULLBACK,LONG,77879.5,77765.04039078373,-114.45960921626829,100,-11.44596092162683,,-11.44596092162683,,,CLOSED,Bracket SL/TP (recovered)
31,2026-09-03 13:12:01,BTC/USD:USD,E1_TREND_PULLBACK,LONG,77904.0,77951.37596989509,47.37596989508893,100,4.737596989508893,,4.737596989508893,,,CLOSED,Bracket SL/TP (recovered)
32,2026-09-03 13:14:43,BTC/USD:USD,E1_TREND_PULLBACK,LONG,78027.5,77932.0,-95.5,100,-9.55,,-9.55,,,CLOSED,Max SL
33,2026-09-03 13:39:01,BTC/USD:USD,E1_TREND_PULLBACK,LONG,77935.0,77802.5,-132.5,100,-13.25,,-13.25,,,CLOSED,Bracket SL/TP (recovered)
34,2026-09-03 13:42:01,BTC/USD:USD,E1_TREND_PULLBACK,LONG,77958.5,77824.5,-134.0,100,-13.4,,-13.4,,,CLOSED,Bracket SL/TP (recovered)
35,2026-09-03 13:44:04,BTC/USD:USD,E1_TREND_PULLBACK,LONG,77953.5,77880.5,-73.0,100,-7.3,,-7.3,,,CLOSED,Max SL
37,2026-09-03 16:27:01,BTC/USD:USD,E1_TREND_PULLBACK,LONG,77726.0,77610.89981272793,-115.10018727206625,100,-11.510018727206626,,-11.510018727206626,,,CLOSED,Bracket SL/TP (recovered)
38,2026-09-03 16:30:01,BTC/USD:USD,E1_TREND_PULLBACK,LONG,77730.5,77639.00161181879,-91.4983881812077,100,-9.14983881812077,,-9.14983881812077,,,CLOSED,Bracket SL/TP (recovered)
39,2026-09-03 16:33:36,BTC/USD:USD,E1_TREND_PULLBACK,LONG,77744.0,77739.5,-4.5,100,-0.45,,-0.45,,,CLOSED,Max SL
40,2026-09-03 16:39:01,BTC/USD:USD,E1_TREND_PULLBACK,LONG,77763.5,77688.42901463772,-75.07098536228295,100,-7.507098536228296,,-7.507098536228296,,,CLOSED,Bracket SL/TP (recovered)
41,2026-09-03 16:48:01,BTC/USD:USD,E1_TREND_PULLBACK,LONG,77798.0,77734.26022053901,-63.73977946098603,100,-6.373977946098603,,-6.373977946098603,,,CLOSED,Bracket SL/TP (recovered)
42,2026-09-03 16:51:01,BTC/USD:USD,E1_TREND_PULLBACK,LONG,77843.0,77773.9612762148,-69.03872378519736,100,-6.903872378519736,,-6.903872378519736,,,CLOSED,Bracket SL/TP (recovered)
43,2026-09-03 16:54:02,BTC/USD:USD,E1_TREND_PULLBACK,LONG,77863.5,77800.26761362804,-63.23238637196482,100,-6.323238637196482,,-6.323238637196482,,,CLOSED,Bracket SL/TP (recovered)
44,2026-09-03 17:00:01,BTC/USD:USD,E1_TREND_PULLBACK,LONG,77904.0,77842.53189644458,-61.46810355542402,100,-6.146810355542402,,-6.146810355542402,,,CLOSED,Bracket SL/TP (recovered)
45,2026-09-03 17:05:51,BTC/USD:USD,E1_TREND_PULLBACK,LONG,77911.5,77880.0,-31.5,100,-3.15,,-3.15,,,CLOSED,Max SL
46,2026-09-03 17:12:01,BTC/USD:USD,E1_TREND_PULLBACK,LONG,77893.5,77829.68666035906,-63.813339640939375,100,-6.381333964093938,,-6.381333964093938,,,CLOSED,Bracket SL/TP (recovered)
47,2026-09-03 17:15:01,BTC/USD:USD,E1_TREND_PULLBACK,LONG,77945.5,77888.48582747627,-57.01417252373358,100,-5.701417252373358,,-5.701417252373358,,,CLOSED,Bracket SL/TP (recovered)
48,2026-09-03 17:18:45,BTC/USD:USD,E1_TREND_PULLBACK,LONG,77921.0,77877.0,-44.0,100,-4.4,,-4.4,,,CLOSED,Max SL
49,2026-09-03 17:27:01,BTC/USD:USD,E1_TREND_PULLBACK,LONG,77906.0,77834.30247471236,-71.69752528764366,100,-7.1697525287643655,,-7.1697525287643655,,,CLOSED,Bracket SL/TP (recovered)
50,2026-09-03 17:30:01,BTC/USD:USD,E1_TREND_PULLBACK,LONG,77920.5,77841.52729794718,-78.97270205282257,100,-7.897270205282257,,-7.897270205282257,,,CLOSED,Bracket SL/TP (recovered)
51,2026-09-03 17:30:32,BTC/USD:USD,E1_TREND_PULLBACK,LONG,77926.5,77907.5,-19.0,100,-1.9000000000000001,,-1.9000000000000001,,,CLOSED,Max SL
52,2026-09-03 17:34:03,BTC/USD:USD,E1_TREND_PULLBACK,LONG,77919.0,77885.5,-33.5,100,-3.35,,-3.35,,,CLOSED,Max SL
53,2026-09-03 17:45:01,BTC/USD:USD,E1_TREND_PULLBACK,LONG,78017.5,77948.69906630553,-68.80093369446695,100,-6.880093369446695,,-6.880093369446695,,,CLOSED,Bracket SL/TP (recovered)
54,2026-09-03 17:47:39,BTC/USD:USD,E1_TREND_PULLBACK,LONG,78077.0,78029.0,-48.0,100,-4.8,,-4.8,,,CLOSED,Max SL
55,2026-09-03 17:57:01,BTC/USD:USD,E1_TREND_PULLBACK,LONG,77973.0,77891.99781816827,-81.00218183173274,100,-8.100218183173274,,-8.100218183173274,,,CLOSED,Bracket SL/TP (recovered)
56,2026-09-03 18:00:06,BTC/USD:USD,E1_TREND_PULLBACK,LONG,77945.5,77942.0,-3.5,100,-0.35000000000000003,,-0.35000000000000003,,,CLOSED,Trail SL (stage 0)
57,2026-09-03 18:45:01,BTC/USD:USD,E1_TREND_PULLBACK,LONG,78562.5,78454.5681101136,-107.93188988640031,100,-10.793188988640031,,-10.793188988640031,,,CLOSED,Bracket SL/TP (recovered)
58,2026-09-03 18:56:24,BTC/USD:USD,E1_TREND_PULLBACK,LONG,78567.5,78486.0,-81.5,100,-8.15,,-8.15,,,CLOSED,Max SL
59,2026-09-03 19:03:01,BTC/USD:USD,E1_TREND_PULLBACK,LONG,78466.5,78370.32752101315,-96.17247898684582,100,-9.617247898684582,,-9.617247898684582,,,CLOSED,Bracket SL/TP (recovered)
61,2026-09-03 19:12:01,BTC/USD:USD,E1_TREND_PULLBACK,LONG,78724.5,78587.0,-137.5,100,-13.75,,-13.75,,,CLOSED,Bracket SL/TP (recovered)
62,2026-09-03 19:15:01,BTC/USD:USD,E1_TREND_PULLBACK,LONG,78867.5,78740.0,-127.5,100,-12.75,,-12.75,,,CLOSED,Bracket SL/TP (recovered)
63,2026-09-03 19:18:01,BTC/USD:USD,E1_TREND_PULLBACK,LONG,78890.0,78761.0,-129.0,100,-12.9,,-12.9,,,CLOSED,Bracket SL/TP (recovered)
64,2026-09-03 19:23:54,BTC/USD:USD,E1_TREND_PULLBACK,LONG,78921.0,78799.5,-121.5,100,-12.15,,-12.15,,,CLOSED,Initial SL
65,2026-09-03 19:31:00,BTC/USD:USD,E1_TREND_PULLBACK,LONG,78814.5,78688.0,-126.5,100,-12.65,,-12.65,,,CLOSED,Initial SL
66,2026-09-03 19:39:01,BTC/USD:USD,E1_TREND_PULLBACK,LONG,78858.5,78723.0,-135.5,100,-13.55,,-13.55,,,CLOSED,Bracket SL/TP (recovered)
67,2026-09-03 19:41:06,BTC/USD:USD,E1_TREND_PULLBACK,LONG,78897.5,78811.5,-86.0,100,-8.6,,-8.6,,,CLOSED,Initial SL
68,2026-09-03 19:45:01,BTC/USD:USD,E1_TREND_PULLBACK,LONG,78899.5,78793.5,-106.0,100,-10.6,,-10.6,,,CLOSED,Bracket SL/TP (recovered)
69,2026-09-03 19:48:01,BTC/USD:USD,E1_TREND_PULLBACK,LONG,78955.0,78828.0,-127.0,100,-12.700000000000001,,-12.700000000000001,,,CLOSED,Bracket SL/TP (recovered)
70,2026-09-03 19:48:51,BTC/USD:USD,E1_TREND_PULLBACK,LONG,79060.5,79039.0,-21.5,100,-2.15,,-2.15,,,CLOSED,Initial SL
71,2026-09-03 19:57:01,BTC/USD:USD,E1_TREND_PULLBACK,LONG,79258.0,79140.5,-117.5,100,-11.75,,-11.75,,,CLOSED,Bracket SL/TP (recovered)
72,2026-09-03 20:00:01,BTC/USD:USD,E1_TREND_PULLBACK,LONG,79537.5,79396.5,-141.0,100,-14.1,,-14.1,,,CLOSED,Bracket SL/TP (recovered)
73,2026-09-03 20:03:01,BTC/USD:USD,E1_TREND_PULLBACK,LONG,79628.0,79494.0,-134.0,100,-13.4,,-13.4,,,CLOSED,Bracket SL/TP (recovered)
74,2026-09-03 20:04:16,BTC/USD:USD,E1_TREND_PULLBACK,LONG,79818.5,79696.0,-122.5,100,-12.25,,-12.25,,,CLOSED,Max SL
75,2026-09-03 20:18:01,BTC/USD:USD,E1_TREND_PULLBACK,LONG,79726.5,79602.5,-124.0,100,-12.4,,-12.4,,,CLOSED,Bracket SL/TP (recovered)
76,2026-09-03 20:20:42,BTC/USD:USD,E1_TREND_PULLBACK,LONG,79971.5,80342.0,370.5,100,37.050000000000004,,37.050000000000004,,,CLOSED,Trail SL (stage 0)
77,2026-09-03 20:21:14,BTC/USD:USD,E1_TREND_PULLBACK,LONG,80302.0,80205.0,-97.0,100,-9.700000000000001,,-9.700000000000001,,,CLOSED,Max SL
78,2026-09-03 20:30:01,BTC/USD:USD,E1_TREND_PULLBACK,LONG,80254.5,80123.5,-131.0,100,-13.1,,-13.1,,,CLOSED,Bracket SL/TP (recovered)
79,2026-09-03 20:33:01,BTC/USD:USD,E1_TREND_PULLBACK,LONG,80482.5,80380.5,-102.0,100,-10.200000000000001,,-10.200000000000001,,,CLOSED,Bracket SL/TP (recovered)
80,2026-09-03 20:33:07,BTC/USD:USD,E1_TREND_PULLBACK,LONG,80876.0,80816.0,-60.0,100,-6.0,,-6.0,,,CLOSED,Max SL
81,2026-09-03 20:36:46,BTC/USD:USD,E1_TREND_PULLBACK,LONG,80841.5,80764.0,-77.5,100,-7.75,,-7.75,,,CLOSED,Max SL
82,2026-09-03 20:48:01,BTC/USD:USD,E1_TREND_PULLBACK,LONG,80545.5,80402.5,-143.0,100,-14.3,,-14.3,,,CLOSED,Bracket SL/TP (recovered)
83,2026-09-03 20:51:01,BTC/USD:USD,E1_TREND_PULLBACK,LONG,80548.0,80413.5,-134.5,100,-13.450000000000001,,-13.450000000000001,,,CLOSED,Bracket SL/TP (recovered)
84,2026-09-03 20:54:01,BTC/USD:USD,E1_TREND_PULLBACK,LONG,80593.5,80449.5,-144.0,100,-14.4,,-14.4,,,CLOSED,Bracket SL/TP (recovered)
85,2026-09-03 20:56:01,BTC/USD:USD,E1_TREND_PULLBACK,LONG,80730.0,80628.0,-102.0,100,-10.200000000000001,,-10.200000000000001,,,CLOSED,Initial SL
86,2026-09-03 21:03:01,BTC/USD:USD,E1_TREND_PULLBACK,LONG,80705.5,80586.0,-119.5,100,-11.950000000000001,,-11.950000000000001,,,CLOSED,Bracket SL/TP (recovered)
87,2026-09-03 21:06:01,BTC/USD:USD,E1_TREND_PULLBACK,LONG,80762.5,80633.5,-129.0,100,-12.9,,-12.9,,,CLOSED,Bracket SL/TP (recovered)
88,2026-09-03 21:07:52,BTC/USD:USD,E1_TREND_PULLBACK,LONG,80871.0,80745.5,-125.5,100,-12.55,,-12.55,,,CLOSED,Max SL
89,2026-09-03 21:15:01,BTC/USD:USD,E1_TREND_PULLBACK,LONG,80933.0,80798.0,-135.0,100,-13.5,,-13.5,,,CLOSED,Bracket SL/TP (recovered)
90,2026-09-03 21:24:01,BTC/USD:USD,E1_TREND_PULLBACK,LONG,80860.5,81089.91067112138,229.41067112138262,100,22.941067112138263,,22.941067112138263,,,CLOSED,Bracket SL/TP (recovered)
91,2026-09-03 21:27:01,BTC/USD:USD,E1_TREND_PULLBACK,LONG,81181.0,81047.5,-133.5,100,-13.35,,-13.35,,,CLOSED,Bracket SL/TP (recovered)
92,2026-09-03 21:30:01,BTC/USD:USD,E1_TREND_PULLBACK,LONG,81212.0,81081.0,-131.0,100,-13.1,,-13.1,,,CLOSED,Bracket SL/TP (recovered)
93,2026-09-03 21:31:18,BTC/USD:USD,E1_TREND_PULLBACK,LONG,81305.0,81219.0,-86.0,100,-8.6,,-8.6,,,CLOSED,Initial SL
94,2026-09-03 21:42:01,BTC/USD:USD,E1_TREND_PULLBACK,LONG,80985.0,80828.0,-157.0,100,-15.700000000000001,,-15.700000000000001,,,CLOSED,Bracket SL/TP (recovered)
95,2026-09-03 21:45:01,BTC/USD:USD,E1_TREND_PULLBACK,LONG,80996.0,80860.5,-135.5,100,-13.55,,-13.55,,,CLOSED,Bracket SL/TP (recovered)
96,2026-09-03 21:54:01,BTC/USD:USD,E1_TREND_PULLBACK,LONG,80795.5,80683.0,-112.5,100,-11.25,,-11.25,,,CLOSED,Bracket SL/TP (recovered)
97,2026-09-03 22:03:01,BTC/USD:USD,E1_TREND_PULLBACK,LONG,80738.5,80610.5,-128.0,100,-12.8,,-12.8,,,CLOSED,Bracket SL/TP (recovered)
98,2026-09-03 22:06:01,BTC/USD:USD,E1_TREND_PULLBACK,LONG,80841.5,80727.5,-114.0,100,-11.4,,-11.4,,,CLOSED,Bracket SL/TP (recovered)
99,2026-09-03 22:21:01,BTC/USD:USD,E1_TREND_PULLBACK,LONG,80918.0,80783.5,-134.5,100,-13.450000000000001,,-13.450000000000001,,,CLOSED,Bracket SL/TP (recovered)
100,2026-09-03 22:24:01,BTC/USD:USD,E1_TREND_PULLBACK,LONG,80981.5,80832.5,-149.0,100,-14.9,,-14.9,,,CLOSED,Bracket SL/TP (recovered)
101,2026-09-03 22:30:01,BTC/USD:USD,E1_TREND_PULLBACK,LONG,80927.0,80792.0,-135.0,100,-13.5,,-13.5,,,CLOSED,Bracket SL/TP (recovered)
102,2026-09-03 22:33:01,BTC/USD:USD,E1_TREND_PULLBACK,LONG,80927.5,80819.5,-108.0,100,-10.8,,-10.8,,,CLOSED,Bracket SL/TP (recovered)
103,2026-09-03 22:36:30,BTC/USD:USD,E1_TREND_PULLBACK,LONG,81007.0,80924.0,-83.0,100,-8.3,,-8.3,,,CLOSED,Max SL
104,2026-09-03 22:45:01,BTC/USD:USD,E1_TREND_PULLBACK,LONG,80977.5,80861.67511871805,-115.8248812819511,100,-11.58248812819511,,-11.58248812819511,,,CLOSED,Bracket SL/TP (recovered)
105,2026-09-03 22:48:01,BTC/USD:USD,E1_TREND_PULLBACK,LONG,81068.0,80940.88225309533,-127.117746904667,100,-12.7117746904667,,-12.7117746904667,,,CLOSED,Bracket SL/TP (recovered)
106,2026-09-03 23:00:01,BTC/USD:USD,E1_TREND_PULLBACK,LONG,81022.0,80903.00815169865,-118.99184830134618,100,-11.899184830134619,,-11.899184830134619,,,CLOSED,Bracket SL/TP (recovered)
107,2026-09-03 23:06:01,BTC/USD:USD,E1_TREND_PULLBACK,LONG,81054.5,80941.2271818218,-113.2728181782004,100,-11.32728181782004,,-11.32728181782004,,,CLOSED,Bracket SL/TP (recovered)
108,2026-09-03 23:09:01,BTC/USD:USD,E1_TREND_PULLBACK,LONG,81113.0,80994.11452597739,-118.88547402260883,100,-11.888547402260883,,-11.888547402260883,,,CLOSED,Bracket SL/TP (recovered)
109,2026-09-03 23:15:01,BTC/USD:USD,E1_TREND_PULLBACK,LONG,81088.0,80986.96647903153,-101.03352096847084,100,-10.103352096847084,,-10.103352096847084,,,CLOSED,Bracket SL/TP (recovered)
110,2026-09-03 23:21:01,BTC/USD:USD,E1_TREND_PULLBACK,LONG,81135.5,81027.4814283486,-108.01857165139518,100,-10.801857165139518,,-10.801857165139518,,,CLOSED,Bracket SL/TP (recovered)
111,2026-09-03 23:47:53,BTC/USD:USD,E1_TREND_PULLBACK,LONG,81243.0,81175.0,-68.0,100,-6.8,,-6.8,,,CLOSED,Max SL
112,2026-09-04 00:54:01,BTC/USD:USD,E1_TREND_PULLBACK,LONG,81495.5,81372.32451805443,-123.1754819455673,100,-12.31754819455673,,-12.31754819455673,,,CLOSED,Bracket SL/TP (recovered)
113,2026-09-04 00:55:13,BTC/USD:USD,E1_TREND_PULLBACK,LONG,81524.5,81495.0,-29.5,100,-2.95,,-2.95,,,CLOSED,Max SL
114,2026-09-04 01:01:57,BTC/USD:USD,E1_TREND_PULLBACK,LONG,81511.5,81448.0,-63.5,100,-6.3500000000000005,,-6.3500000000000005,,,CLOSED,Max SL
115,2026-09-04 01:12:01,BTC/USD:USD,E1_TREND_PULLBACK,LONG,81434.0,81309.12762639236,-124.87237360763538,100,-12.487237360763539,,-12.487237360763539,,,CLOSED,Bracket SL/TP (recovered)
116,2026-09-04 01:15:02,BTC/USD:USD,E1_TREND_PULLBACK,LONG,81548.0,81423.88993879291,-124.11006120708771,100,-12.411006120708771,,-12.411006120708771,,,CLOSED,Bracket SL/TP (recovered)
117,2026-09-04 01:24:01,BTC/USD:USD,E1_TREND_PULLBACK,LONG,81501.0,81380.46997832654,-120.5300216734613,100,-12.053002167346131,,-12.053002167346131,,,CLOSED,Bracket SL/TP (recovered)
118,2026-09-04 01:27:01,BTC/USD:USD,E1_TREND_PULLBACK,LONG,81580.5,81445.48997987463,-135.01002012536628,100,-13.50100201253663,,-13.50100201253663,,,CLOSED,Bracket SL/TP (recovered)
119,2026-09-04 01:30:02,BTC/USD:USD,E1_TREND_PULLBACK,LONG,81713.0,81586.87998131217,-126.12001868782681,100,-12.612001868782682,,-12.612001868782682,,,CLOSED,Bracket SL/TP (recovered)
120,2026-09-04 01:30:11,BTC/USD:USD,E1_TREND_PULLBACK,LONG,81705.0,81758.5,53.5,100,5.3500000000000005,,5.3500000000000005,,,CLOSED,Initial SL
121,2026-09-04 02:03:03,BTC/USD:USD,E1_TREND_PULLBACK,LONG,81504.5,81369.5,-135.0,100,-13.5,,-13.5,,,CLOSED,Bracket SL/TP (recovered)
122,2026-09-04 04:03:29,BTC/USD:USD,E1_TREND_PULLBACK,LONG,80991.5,80980.0,-11.5,100,-1.1500000000000001,,-1.1500000000000001,,,CLOSED,Initial SL
123,2026-09-04 04:06:23,BTC/USD:USD,E1_TREND_PULLBACK,LONG,80989.0,81071.5,82.5,100,8.25,,8.25,,,CLOSED,TP
124,2026-09-04 07:27:01,BTC/USD:USD,E1_TREND_PULLBACK,LONG,80948.5,80852.84310159824,-95.65689840176492,100,-9.565689840176493,,-9.565689840176493,,,CLOSED,Bracket SL/TP (recovered)
125,2026-09-04 07:30:03,BTC/USD:USD,E1_TREND_PULLBACK,LONG,80957.0,80867.45073719836,-89.54926280163636,100,-8.954926280163637,,-8.954926280163637,,,CLOSED,Bracket SL/TP (recovered)
126,2026-09-04 08:33:01,BTC/USD:USD,E1_TREND_PULLBACK,LONG,80803.0,80721.65278454481,-81.3472154551855,100,-8.13472154551855,,-8.13472154551855,,,CLOSED,Bracket SL/TP (recovered)
127,2026-09-04 08:36:01,BTC/USD:USD,E1_TREND_PULLBACK,LONG,80917.5,80822.38115707733,-95.11884292267496,100,-9.511884292267496,,-9.511884292267496,,,CLOSED,Bracket SL/TP (recovered)
128,2026-09-04 08:42:01,BTC/USD:USD,E1_TREND_PULLBACK,LONG,80913.0,80828.48630380647,-84.513696193535,100,-8.4513696193535,,-8.4513696193535,,,CLOSED,Bracket SL/TP (recovered)
129,2026-09-04 08:48:01,BTC/USD:USD,E1_TREND_PULLBACK,LONG,80910.0,80829.80375175149,-80.19624824851053,100,-8.019624824851054,,-8.019624824851054,,,CLOSED,Bracket SL/TP (recovered)
130,2026-09-04 08:54:01,BTC/USD:USD,E1_TREND_PULLBACK,LONG,80883.0,80806.47785227552,-76.52214772447769,100,-7.65221477244777,,-7.65221477244777,,,CLOSED,Bracket SL/TP (recovered)
131,2026-09-04 09:54:32,BTC/USD:USD,E1_TREND_PULLBACK,SHORT,81122.0,81134.5,-12.5,100,-1.25,,-1.25,,,CLOSED,Initial SL
132,2026-09-04 10:00:01,BTC/USD:USD,E1_TREND_PULLBACK,LONG,81156.0,81056.17159187688,-99.82840812312497,100,-9.982840812312498,,-9.982840812312498,,,CLOSED,Bracket SL/TP (recovered)
133,2026-09-04 10:02:02,BTC/USD:USD,E1_TREND_PULLBACK,LONG,81235.0,81161.5,-73.5,100,-7.3500000000000005,,-7.3500000000000005,,,CLOSED,Max SL
134,2026-09-04 10:15:01,BTC/USD:USD,E1_TREND_PULLBACK,LONG,81070.5,80967.68732013213,-102.81267986787134,100,-10.281267986787133,,-10.281267986787133,,,CLOSED,Bracket SL/TP (recovered)
135,2026-09-04 10:21:01,BTC/USD:USD,E1_TREND_PULLBACK,LONG,81053.0,80950.03919439964,-102.96080560036353,100,-10.296080560036353,,-10.296080560036353,,,CLOSED,Bracket SL/TP (recovered)
136,2026-09-04 10:27:01,BTC/USD:USD,E1_TREND_PULLBACK,LONG,81043.5,80943.5661931303,-99.93380686969613,100,-9.993380686969614,,-9.993380686969614,,,CLOSED,Bracket SL/TP (recovered)
137,2026-09-04 10:30:01,BTC/USD:USD,E1_TREND_PULLBACK,LONG,81073.0,80976.70432219243,-96.29567780757498,100,-9.629567780757498,,-9.629567780757498,,,CLOSED,Bracket SL/TP (recovered)
138,2026-09-04 10:41:35,BTC/USD:USD,E1_TREND_PULLBACK,LONG,81040.0,81039.5,-0.5,100,-0.05,,-0.05,,,CLOSED,Max SL
139,2026-09-04 12:45:02,BTC/USD:USD,E1_TREND_PULLBACK,LONG,80920.5,80803.16080349764,-117.33919650236203,100,-11.733919650236203,,-11.733919650236203,,,CLOSED,Bracket SL/TP (recovered)
140,2026-09-04 13:36:25,BTC/USD:USD,E1_TREND_PULLBACK,SHORT,80624.0,80675.0,-51.0,100,-5.1000000000000005,,-5.1000000000000005,,,CLOSED,Max SL
141,2026-09-04 13:44:59,BTC/USD:USD,E1_TREND_PULLBACK,SHORT,80696.0,80740.0,-44.0,100,-4.4,,-4.4,,,CLOSED,Max SL
142,2026-09-04 14:07:03,BTC/USD:USD,E1_TREND_PULLBACK,SHORT,81073.5,81037.0,36.5,100,3.65,,3.65,,,CLOSED,Initial SL
143,2026-09-04 14:09:02,BTC/USD:USD,E1_TREND_PULLBACK,SHORT,81050.0,81050.0,0.0,100,0.0,,0.0,,,CLOSED,Initial SL
144,2026-09-04 14:13:43,BTC/USD:USD,E1_TREND_PULLBACK,SHORT,81119.0,81073.5,45.5,100,4.55,,4.55,,,CLOSED,TP
145,2026-09-04 14:21:01,BTC/USD:USD,E1_TREND_PULLBACK,LONG,81052.5,80966.60641316218,-85.89358683781757,100,-8.589358683781757,,-8.589358683781757,,,CLOSED,Bracket SL/TP (recovered)
146,2026-09-04 14:24:01,BTC/USD:USD,E1_TREND_PULLBACK,LONG,81117.5,81028.71845507917,-88.78154492082831,100,-8.878154492082832,,-8.878154492082832,,,CLOSED,Bracket SL/TP (recovered)
147,2026-09-04 14:27:01,BTC/USD:USD,E1_TREND_PULLBACK,LONG,81130.5,81058.45642257352,-72.04357742647699,100,-7.204357742647699,,-7.204357742647699,,,CLOSED,Bracket SL/TP (recovered)
148,2026-09-04 14:33:01,BTC/USD:USD,E1_TREND_PULLBACK,LONG,81116.0,81039.80694089248,-76.19305910752155,100,-7.619305910752155,,-7.619305910752155,,,CLOSED,Bracket SL/TP (recovered)
149,2026-09-04 14:36:01,BTC/USD:USD,E1_TREND_PULLBACK,LONG,81188.5,81103.39037368586,-85.10962631413713,100,-8.510962631413713,,-8.510962631413713,,,CLOSED,Bracket SL/TP (recovered)
150,2026-09-04 14:43:31,BTC/USD:USD,E1_TREND_PULLBACK,LONG,81135.0,81070.5,-64.5,100,-6.45,,-6.45,,,CLOSED,Max SL
151,2026-09-04 14:49:51,BTC/USD:USD,E1_TREND_PULLBACK,LONG,81267.0,81254.0,-13.0,100,-1.3,,-1.3,,,CLOSED,Max SL
152,2026-09-04 15:05:38,BTC/USD:USD,E1_TREND_PULLBACK,LONG,81098.5,81012.0,-86.5,100,-8.65,,-8.65,,,CLOSED,Max SL
153,2026-09-04 15:15:01,BTC/USD:USD,E1_TREND_PULLBACK,LONG,81180.0,81057.28889579653,-122.71110420346668,100,-12.271110420346668,,-12.271110420346668,,,CLOSED,Bracket SL/TP (recovered)
154,2026-09-04 17:12:01,BTC/USD:USD,E1_TREND_PULLBACK,LONG,81276.5,81189.00073079676,-87.49926920323924,100,-8.749926920323924,,-8.749926920323924,,,CLOSED,Bracket SL/TP (recovered)
155,2026-09-04 17:18:02,BTC/USD:USD,E1_TREND_PULLBACK,LONG,81222.5,81146.11746686047,-76.38253313953464,100,-7.638253313953465,,-7.638253313953465,,,CLOSED,Bracket SL/TP (recovered)
156,2026-09-04 17:21:02,BTC/USD:USD,E1_TREND_PULLBACK,LONG,81225.5,81153.77871922759,-71.72128077241359,100,-7.17212807724136,,-7.17212807724136,,,CLOSED,Bracket SL/TP (recovered)
157,2026-09-04 17:24:01,BTC/USD:USD,E1_TREND_PULLBACK,LONG,81253.0,81183.20166785418,-69.79833214581595,100,-6.979833214581595,,-6.979833214581595,,,CLOSED,Bracket SL/TP (recovered)
158,2026-09-04 17:27:01,BTC/USD:USD,E1_TREND_PULLBACK,LONG,81257.0,81191.26047729317,-65.73952270683367,100,-6.573952270683367,,-6.573952270683367,,,CLOSED,Bracket SL/TP (recovered)
159,2026-09-04 19:00:30,BTC/USD:USD,E1_TREND_PULLBACK,SHORT,79277.5,79358.0,-80.5,100,-8.05,,-8.05,,,CLOSED,Max SL
160,2026-09-04 19:07:26,BTC/USD:USD,E1_TREND_PULLBACK,SHORT,79085.5,79125.0,-39.5,100,-3.95,,-3.95,,,CLOSED,Max SL
161,2026-09-04 19:24:01,BTC/USD:USD,E1_TREND_PULLBACK,SHORT,79491.5,79626.5,-135.0,100,-13.5,,-13.5,,,CLOSED,Bracket SL/TP (recovered)
162,2026-09-04 19:39:01,BTC/USD:USD,E1_TREND_PULLBACK,SHORT,79469.5,79615.0,-145.5,100,-14.55,,-14.55,,,CLOSED,Bracket SL/TP (recovered)
163,2026-09-04 19:42:01,BTC/USD:USD,E1_TREND_PULLBACK,SHORT,79283.0,79419.5,-136.5,100,-13.65,,-13.65,,,CLOSED,Bracket SL/TP (recovered)
164,2026-09-04 19:51:01,BTC/USD:USD,E1_TREND_PULLBACK,SHORT,79259.5,79392.0,-132.5,100,-13.25,,-13.25,,,CLOSED,Bracket SL/TP (recovered)
165,2026-09-04 19:52:11,BTC/USD:USD,E1_TREND_PULLBACK,SHORT,79112.0,79201.0,-89.0,100,-8.9,,-8.9,,,CLOSED,Initial SL
166,2026-09-04 20:00:01,BTC/USD:USD,E1_TREND_PULLBACK,SHORT,79277.0,79415.5,-138.5,100,-13.85,,-13.85,,,CLOSED,Bracket SL/TP (recovered)
167,2026-09-04 20:06:01,BTC/USD:USD,E1_TREND_PULLBACK,SHORT,79328.0,79485.5,-157.5,100,-15.75,,-15.75,,,CLOSED,Bracket SL/TP (recovered)
168,2026-09-04 20:12:01,BTC/USD:USD,E1_TREND_PULLBACK,SHORT,79253.5,79379.0,-125.5,100,-12.55,,-12.55,,,CLOSED,Bracket SL/TP (recovered)
169,2026-09-04 20:15:01,BTC/USD:USD,E1_TREND_PULLBACK,SHORT,79181.0,79324.0,-143.0,100,-14.3,,-14.3,,,CLOSED,Bracket SL/TP (recovered)
170,2026-09-04 20:18:01,BTC/USD:USD,E1_TREND_PULLBACK,SHORT,78997.5,79140.0,-142.5,100,-14.25,,-14.25,,,CLOSED,Bracket SL/TP (recovered)
171,2026-09-04 20:21:01,BTC/USD:USD,E1_TREND_PULLBACK,SHORT,78809.5,78957.0,-147.5,100,-14.75,,-14.75,,,CLOSED,Bracket SL/TP (recovered)
172,2026-09-04 20:33:01,BTC/USD:USD,E1_TREND_PULLBACK,SHORT,78876.0,79028.0,-152.0,100,-15.200000000000001,,-15.200000000000001,,,CLOSED,Bracket SL/TP (recovered)
173,2026-09-04 22:06:27,BTC/USD:USD,E1_TREND_PULLBACK,SHORT,79740.0,79753.5,-13.5,100,-1.35,,-1.35,,,CLOSED,Initial SL
174,2026-09-04 22:13:26,BTC/USD:USD,E1_TREND_PULLBACK,SHORT,79812.0,79756.0,56.0,100,5.6000000000000005,,5.6000000000000005,,,CLOSED,TP
175,2026-09-04 22:16:14,BTC/USD:USD,E1_TREND_PULLBACK,SHORT,79815.0,79773.5,41.5,100,4.15,,4.15,,,CLOSED,TP
176,2026-09-04 22:48:01,BTC/USD:USD,E1_TREND_PULLBACK,SHORT,79588.0,79673.727278425,-85.72727842499444,100,-8.572727842499445,,-8.572727842499445,,,CLOSED,Bracket SL/TP (recovered)
177,2026-09-04 22:49:05,BTC/USD:USD,E1_TREND_PULLBACK,SHORT,79537.0,79602.0,-65.0,100,-6.5,,-6.5,,,CLOSED,Max SL
178,2026-09-04 22:57:01,BTC/USD:USD,E1_TREND_PULLBACK,SHORT,79564.0,79644.03834938037,-80.03834938036744,100,-8.003834938036743,,-8.003834938036743,,,CLOSED,Bracket SL/TP (recovered)
179,2026-09-04 23:00:01,BTC/USD:USD,E1_TREND_PULLBACK,SHORT,79557.5,79636.26418156749,-78.76418156748696,100,-7.876418156748696,,-7.876418156748696,,,CLOSED,Bracket SL/TP (recovered)
180,2026-09-04 23:03:01,BTC/USD:USD,E1_TREND_PULLBACK,SHORT,79481.0,79568.18102574123,-87.18102574122895,100,-8.718102574122895,,-8.718102574122895,,,CLOSED,Bracket SL/TP (recovered)
181,2026-09-04 23:08:49,BTC/USD:USD,E1_TREND_PULLBACK,SHORT,79473.5,79523.5,-50.0,100,-5.0,,-5.0,,,CLOSED,Max SL
182,2026-09-04 23:15:01,BTC/USD:USD,E1_TREND_PULLBACK,SHORT,79500.0,79573.29291769564,-73.29291769563861,100,-7.329291769563861,,-7.329291769563861,,,CLOSED,Bracket SL/TP (recovered)
183,2026-09-04 23:18:01,BTC/USD:USD,E1_TREND_PULLBACK,SHORT,79460.5,79526.40056643166,-65.90056643166463,100,-6.590056643166463,,-6.590056643166463,,,CLOSED,Bracket SL/TP (recovered)
184,2026-09-04 23:24:02,BTC/USD:USD,E1_TREND_PULLBACK,SHORT,79445.5,79501.52536085178,-56.02536085178144,100,-5.602536085178144,,-5.602536085178144,,,CLOSED,Bracket SL/TP (recovered)
185,2026-09-04 23:24:56,BTC/USD:USD,E1_TREND_PULLBACK,SHORT,79375.5,79412.0,-36.5,100,-3.65,,-3.65,,,CLOSED,Max SL
186,2026-09-04 23:30:48,BTC/USD:USD,E1_TREND_PULLBACK,SHORT,79438.0,79491.0,-53.0,100,-5.3,,-5.3,,,CLOSED,Max SL
187,2026-09-05 01:12:01,BTC/USD:USD,E1_TREND_PULLBACK,SHORT,79627.0,79679.94215071361,-52.942150713613955,100,-5.294215071361395,,-5.294215071361395,,,CLOSED,Bracket SL/TP (recovered)
188,2026-09-05 02:00:01,BTC/USD:USD,E1_TREND_PULLBACK,SHORT,79712.0,79769.95082161532,-57.950821615319,100,-5.795082161531901,,-5.795082161531901,,,CLOSED,Bracket SL/TP (recovered)
189,2026-09-05 03:24:18,BTC/USD:USD,E1_TREND_PULLBACK,LONG,79507.5,79541.5,34.0,100,3.4,,3.4,,,CLOSED,TP
190,2026-09-05 10:33:30,BTC/USD:USD,E1_TREND_PULLBACK,LONG,79423.0,79425.5,2.5,100,0.25,,0.25,,,CLOSED,Initial SL
191,2026-09-05 13:18:01,BTC/USD:USD,E1_TREND_PULLBACK,LONG,79693.0,79668.60273094843,-24.397269051565672,100,-2.4397269051565673,,-2.4397269051565673,,,CLOSED,Bracket SL/TP (recovered)
192,2026-09-05 13:19:17,BTC/USD:USD,E1_TREND_PULLBACK,LONG,79730.5,79713.0,-17.5,100,-1.75,,-1.75,,,CLOSED,Max SL
193,2026-09-05 13:44:04,BTC/USD:USD,E1_TREND_PULLBACK,LONG,79666.0,79639.0,-27.0,100,-2.7,,-2.7,,,CLOSED,Max SL
11,2026-09-06 11:24:02,BTC/USD:USD,E1_TREND_PULLBACK,LONG,79961.5,79872.0,-89.5,1,-0.0895,,-0.0895,,,CLOSED,Bracket SL/TP (recovered)
12,2026-09-06 12:27:04,BTC/USD:USD,E1_TREND_PULLBACK,SHORT,79747.5,79842.5,-95.0,1,-0.095,,-0.095,,,CLOSED,Bracket SL/TP (recovered)
13,2026-09-06 14:51:01,BTC/USD:USD,E1_TREND_PULLBACK,SHORT,79922.0,80017.0,-95.0,1,-0.095,,-0.095,,,CLOSED,Bracket SL/TP (recovered)
14,2026-09-06 15:48:03,BTC/USD:USD,E1_TREND_PULLBACK,LONG,79897.0,79802.0,-95.0,1,-0.095,,-0.095,,,CLOSED,Bracket SL/TP (recovered)
15,2026-09-06 16:48:05,BTC/USD:USD,E1_TREND_PULLBACK,LONG,79954.5,79859.0,-95.5,1,-0.0955,,-0.0955,,,CLOSED,Bracket SL/TP (recovered)
16,2026-09-06 19:18:01,BTC/USD:USD,E1_TREND_PULLBACK,SHORT,79772.5,79867.0,-94.5,1,-0.0945,,-0.0945,,,CLOSED,Bracket SL/TP (recovered)
17,2026-09-06 21:06:01,BTC/USD:USD,E1_TREND_PULLBACK,SHORT,79587.0,79677.5,-90.5,1,-0.0905,,-0.0905,,,CLOSED,Bracket SL/TP (recovered)
18,2026-09-06 23:57:01,BTC/USD:USD,E1_TREND_PULLBACK,SHORT,79843.5,79849.5,-6.0,1,-0.006,,-0.006,,,CLOSED,Breakeven SL
19,2026-09-07 02:24:31,BTC/USD:USD,E1_TREND_PULLBACK,LONG,79868.0,79869.0,1.0,1,0.001,,0.001,,,CLOSED,Breakeven SL
20,2026-09-07 02:59:13,BTC/USD:USD,E1_TREND_PULLBACK,LONG,79966.5,79886.5,-80.0,1,-0.08,,-0.08,,,CLOSED,Max SL
21,2026-09-07 04:27:54,BTC/USD:USD,E1_TREND_PULLBACK,LONG,79978.5,79995.5,17.0,1,0.017,,0.017,,,CLOSED,Breakeven SL
22,2026-09-07 04:55:10,BTC/USD:USD,E1_TREND_PULLBACK,LONG,80173.0,80087.5,-85.5,1,-0.0855,,-0.0855,,,CLOSED,Max SL
23,2026-09-07 05:30:55,BTC/USD:USD,E1_TREND_PULLBACK,LONG,80309.0,80248.5,-60.5,1,-0.0605,,-0.0605,,,CLOSED,Max SL
24,2026-09-07 06:35:45,BTC/USD:USD,E1_TREND_PULLBACK,LONG,80189.5,80135.0,-54.5,1,-0.0545,,-0.0545,,,CLOSED,Max SL
25,2026-09-07 08:07:41,BTC/USD:USD,E1_TREND_PULLBACK,LONG,79956.0,80084.0,128.0,1,0.128,,0.128,,,CLOSED,Trail SL (stage 0)
26,2026-09-07 09:43:58,BTC/USD:USD,E1_TREND_PULLBACK,SHORT,79680.5,79571.0,109.5,1,0.1095,,0.1095,,,CLOSED,Trail SL (stage 0)
27,2026-09-07 10:13:35,BTC/USD:USD,E1_TREND_PULLBACK,SHORT,79639.5,79622.0,17.5,1,0.0175,,0.0175,,,CLOSED,Breakeven SL
28,2026-09-07 12:36:47,BTC/USD:USD,E1_TREND_PULLBACK,SHORT,79590.0,79588.5,1.5,1,0.0015,,0.0015,,,CLOSED,Breakeven SL
29,2026-09-07 12:52:41,BTC/USD:USD,E1_TREND_PULLBACK,SHORT,79561.5,79520.0,41.5,1,0.0415,,0.0415,,,CLOSED,Trail SL (stage 0)
30,2026-09-07 14:10:08,BTC/USD:USD,E1_TREND_PULLBACK,SHORT,79435.5,79402.0,33.5,1,0.0335,,0.0335,,,CLOSED,Breakeven SL
31,2026-09-07 16:41:10,BTC/USD:USD,E1_TREND_PULLBACK,SHORT,79396.5,79289.0,107.5,1,0.1075,,0.1075,,,CLOSED,Trail SL (stage 1)
32,2026-09-07 17:51:04,BTC/USD:USD,E1_TREND_PULLBACK,SHORT,79382.0,79466.0,-84.0,1,-0.084,,-0.084,,,CLOSED,Max SL
33,2026-09-07 19:08:42,BTC/USD:USD,E1_TREND_PULLBACK,SHORT,79517.0,79369.5,147.5,1,0.1475,,0.1475,,,CLOSED,Trail SL (stage 1)
34,2026-09-07 20:13:48,BTC/USD:USD,E1_TREND_PULLBACK,SHORT,79300.0,79023.5,276.5,1,0.2765,,0.2765,,,CLOSED,Trail SL (stage 2)
35,2026-09-07 20:48:25,BTC/USD:USD,E1_TREND_PULLBACK,SHORT,79161.0,78927.5,233.5,1,0.2335,,0.2335,,,CLOSED,Trail SL (stage 1)
36,2026-09-07 21:13:05,BTC/USD:USD,E1_TREND_PULLBACK,SHORT,78887.5,78737.5,150.0,1,0.15,,0.15,,,CLOSED,Trail SL (stage 1)
37,2026-09-07 21:28:37,BTC/USD:USD,E1_TREND_PULLBACK,SHORT,78728.5,78808.0,-79.5,1,-0.0795,,-0.0795,,,CLOSED,Max SL
38,2026-09-08 00:20:04,BTC/USD:USD,E1_TREND_PULLBACK,SHORT,79082.5,79176.5,-94.0,1,-0.094,,-0.094,,,CLOSED,Max SL
39,2026-09-08 01:48:46,BTC/USD:USD,E1_TREND_PULLBACK,SHORT,79377.5,79225.0,152.5,1,0.1525,,0.1525,,,CLOSED,Trail SL (stage 2)
40,2026-09-08 02:18:35,BTC/USD:USD,E1_TREND_PULLBACK,SHORT,79209.0,79190.0,19.0,1,0.019,,0.019,,,CLOSED,Breakeven SL
41,2026-09-08 03:58:04,BTC/USD:USD,E1_TREND_PULLBACK,LONG,79042.5,79169.0,126.5,1,0.1265,,0.1265,,,CLOSED,Trail SL (stage 0)
42,2026-09-08 05:12:52,BTC/USD:USD,E1_TREND_PULLBACK,SHORT,79049.0,79025.5,23.5,1,0.0235,,0.0235,,,CLOSED,Breakeven SL
43,2026-09-08 07:04:14,BTC/USD:USD,E1_TREND_PULLBACK,LONG,79394.0,79307.5,-86.5,1,-0.08650000000000001,,-0.08650000000000001,,,CLOSED,Max SL
44,2026-09-08 07:56:35,BTC/USD:USD,E1_TREND_PULLBACK,LONG,79309.5,79378.0,68.5,1,0.0685,,0.0685,,,CLOSED,Trail SL (stage 0)
45,2026-09-08 08:34:30,BTC/USD:USD,E1_TREND_PULLBACK,LONG,78968.0,78905.0,-63.0,1,-0.063,,-0.063,,,CLOSED,Max SL
46,2026-09-08 09:01:37,BTC/USD:USD,E1_TREND_PULLBACK,SHORT,78808.0,78867.5,-59.5,1,-0.059500000000000004,,-0.059500000000000004,,,CLOSED,Max SL
49,2026-09-08 10:32:22,BTC/USD:USD,E1_TREND_PULLBACK,SHORT,78657.5,78709.0,-51.5,1,-0.051500000000000004,,-0.051500000000000004,,,CLOSED,Max SL
50,2026-09-08 11:39:21,BTC/USD:USD,E1_TREND_PULLBACK,SHORT,78629.0,78595.5,33.5,1,0.0335,,0.0335,,,CLOSED,Breakeven SL
51,2026-09-08 12:37:46,BTC/USD:USD,E1_TREND_PULLBACK,SHORT,78407.0,78395.0,12.0,1,0.012,,0.012,,,CLOSED,Breakeven SL
52,2026-09-08 13:06:52,BTC/USD:USD,E1_TREND_PULLBACK,SHORT,78408.5,78497.0,-88.5,1,-0.0885,,-0.0885,,,CLOSED,Max SL
54,2026-09-08 16:49:18,BTC/USD:USD,E1_TREND_PULLBACK,SHORT,78607.5,78352.5,255.0,1,0.255,,0.255,,,CLOSED,Trail SL (stage 2)
55,2026-09-08 17:36:01,BTC/USD:USD,E1_TREND_PULLBACK,SHORT,78448.0,78279.0,169.0,1,0.169,,0.169,,,CLOSED,Trail SL (stage 1)
56,2026-09-08 18:25:32,BTC/USD:USD,E1_TREND_PULLBACK,SHORT,78360.5,78436.0,-75.5,1,-0.0755,,-0.0755,,,CLOSED,Max SL
57,2026-09-08 19:07:15,BTC/USD:USD,E1_TREND_PULLBACK,LONG,78100.5,78035.0,-65.5,1,-0.0655,,-0.0655,,,CLOSED,Max SL
58,2026-09-08 22:13:15,BTC/USD:USD,E1_TREND_PULLBACK,LONG,78645.5,78824.0,178.5,1,0.1785,,0.1785,,,CLOSED,Trail SL (stage 0)
59,2026-09-09 00:58:58,BTC/USD:USD,E1_TREND_PULLBACK,SHORT,78349.0,78428.5,-79.5,1,-0.0795,,-0.0795,,,CLOSED,Max SL
60,2026-09-09 06:09:09,BTC/USD:USD,E1_TREND_PULLBACK,SHORT,78684.0,78608.0,76.0,1,0.076,,0.076,,,CLOSED,Trail SL (stage 1)
61,2026-09-09 06:46:08,BTC/USD:USD,E1_TREND_PULLBACK,LONG,78747.5,78722.5,-25.0,1,-0.025,,-0.025,,,CLOSED,Max SL
62,2026-09-09 07:45:58,BTC/USD:USD,E1_TREND_PULLBACK,LONG,78821.0,78755.0,-66.0,1,-0.066,,-0.066,,,CLOSED,Max SL
63,2026-09-09 09:41:01,BTC/USD:USD,E1_TREND_PULLBACK,LONG,78820.0,78739.5,-80.5,1,-0.0805,,-0.0805,,,CLOSED,Max SL
64,2026-09-09 17:20:56,BTC/USD:USD,E1_TREND_PULLBACK,SHORT,78921.0,79149.0,-228.0,1,-0.228,,-0.228,,,CLOSED,Max SL
65,2026-09-09 20:30:55,BTC/USD:USD,E1_TREND_PULLBACK,SHORT,78939.5,79133.0,-193.5,1,-0.1935,,-0.1935,,,CLOSED,Max SL
66,2026-09-10 05:29:45,BTC/USD:USD,E1_TREND_PULLBACK,SHORT,78002.5,78268.0,-265.5,1,-0.2655,,-0.2655,,,CLOSED,Max SL
67,2026-09-10 08:25:45,BTC/USD:USD,E1_TREND_PULLBACK,SHORT,78071.0,78344.5,-273.5,1,-0.2735,,-0.2735,,,CLOSED,Max SL
68,2026-09-10 16:04:17,BTC/USD:USD,E1_TREND_PULLBACK,SHORT,77986.5,77825.5,161.0,1,0.161,,0.161,,,CLOSED,Trail SL (stage 0)
69,2026-09-10 19:06:23,BTC/USD:USD,E1_TREND_PULLBACK,SHORT,76837.5,76959.0,-121.5,1,-0.1215,,-0.1215,,,CLOSED,Max SL
70,2026-09-10 19:42:19,BTC/USD:USD,E1_TREND_PULLBACK,SHORT,76982.5,77097.5,-115.0,1,-0.115,,-0.115,,,CLOSED,Max SL
71,2026-09-11 04:17:21,BTC/USD:USD,E1_TREND_PULLBACK,SHORT,76826.5,76906.0,-79.5,1,-0.0795,,-0.0795,,,CLOSED,Max SL
72,2026-09-11 05:30:49,BTC/USD:USD,E1_TREND_PULLBACK,SHORT,76718.0,76568.5,149.5,1,0.1495,,0.1495,,,CLOSED,Trail SL (stage 1)
73,2026-09-11 05:57:43,BTC/USD:USD,E1_TREND_PULLBACK,SHORT,76748.5,76838.0,-89.5,1,-0.0895,,-0.0895,,,CLOSED,Max SL
74,2026-09-11 11:45:01,BTC/USD:USD,E1_TREND_PULLBACK,LONG,77171.0,77375.0,204.0,1,0.20400000000000001,,0.20400000000000001,,,CLOSED,Trail SL (bar)
75,2026-09-11 12:04:22,BTC/USD:USD,E1_TREND_PULLBACK,LONG,77246.0,77161.0,-85.0,1,-0.085,,-0.085,,,CLOSED,Max SL
76,2026-09-11 13:16:30,BTC/USD:USD,E1_TREND_PULLBACK,LONG,77295.5,77212.0,-83.5,1,-0.0835,,-0.0835,,,CLOSED,Max SL
77,2026-09-11 14:38:11,BTC/USD:USD,E1_TREND_PULLBACK,LONG,77372.0,77294.0,-78.0,1,-0.078,,-0.078,,,CLOSED,Max SL
78,2026-09-11 16:40:52,BTC/USD:USD,E1_TREND_PULLBACK,SHORT,77009.5,76778.5,231.0,1,0.231,,0.231,,,CLOSED,Trail SL (stage 2)
79,2026-09-11 17:07:42,BTC/USD:USD,E1_TREND_PULLBACK,SHORT,76823.0,76821.5,1.5,1,0.0015,,0.0015,,,CLOSED,Breakeven SL
80,2026-09-11 17:23:59,BTC/USD:USD,E1_TREND_PULLBACK,SHORT,76902.0,76955.5,-53.5,1,-0.0535,,-0.0535,,,CLOSED,Max SL
81,2026-09-11 20:02:05,BTC/USD:USD,E1_TREND_PULLBACK,LONG,79016.5,78899.0,-117.5,1,-0.11750000000000001,,-0.11750000000000001,,,CLOSED,Max SL
82,2026-09-12 00:07:20,BTC/USD:USD,E1_TREND_PULLBACK,SHORT,77166.5,77242.5,-76.0,1,-0.076,,-0.076,,,CLOSED,Max SL
83,2026-09-12 01:10:19,BTC/USD:USD,E1_TREND_PULLBACK,SHORT,77197.5,77258.0,-60.5,1,-0.0605,,-0.0605,,,CLOSED,Max SL
84,2026-09-12 18:21:38,BTC/USD:USD,E1_TREND_PULLBACK,LONG,77358.0,77274.0,-84.0,1,-0.084,,-0.084,,,CLOSED,Max SL
85,2026-09-12 21:07:25,BTC/USD:USD,E1_TREND_PULLBACK,LONG,77446.0,77382.5,-63.5,1,-0.0635,,-0.0635,,,CLOSED,Max SL
86,2026-09-12 23:35:59,BTC/USD:USD,E1_TREND_PULLBACK,SHORT,77196.0,77180.0,16.0,1,0.016,,0.016,,,CLOSED,Breakeven SL
87,2026-09-13 00:26:33,BTC/USD:USD,E1_TREND_PULLBACK,SHORT,77130.0,77123.5,6.5,1,0.006500000000000001,,0.006500000000000001,,,CLOSED,Breakeven SL
88,2026-09-13 00:57:01,BTC/USD:USD,E1_TREND_PULLBACK,SHORT,77109.0,77099.0,10.0,1,0.01,,0.01,,,CLOSED,Breakeven SL
89,2026-09-13 01:16:53,BTC/USD:USD,E1_TREND_PULLBACK,SHORT,77058.0,77048.5,9.5,1,0.0095,,0.0095,,,CLOSED,Breakeven SL
90,2026-09-13 12:20:51,BTC/USD:USD,E1_TREND_PULLBACK,LONG,77292.5,77200.0,-92.5,1,-0.0925,,-0.0925,,,CLOSED,Max SL
91,2026-09-13 13:03:02,BTC/USD:USD,E1_TREND_PULLBACK,SHORT,77128.0,77098.5,29.5,1,0.029500000000000002,,0.029500000000000002,,,CLOSED,Trail SL (stage 1)
92,2026-09-13 13:21:02,BTC/USD:USD,E1_TREND_PULLBACK,SHORT,77119.0,77125.0,-6.0,1,-0.006,,-0.006,,,CLOSED,Breakeven SL
93,2026-09-13 14:54:50,BTC/USD:USD,E1_TREND_PULLBACK,SHORT,76765.0,76708.5,56.5,1,0.0565,,0.0565,,,CLOSED,Trail SL (stage 0)
94,2026-09-13 16:17:43,BTC/USD:USD,E1_TREND_PULLBACK,SHORT,76719.0,76715.5,3.5,1,0.0035,,0.0035,,,CLOSED,Breakeven SL
95,2026-09-13 16:47:32,BTC/USD:USD,E1_TREND_PULLBACK,SHORT,76500.0,76574.5,-74.5,1,-0.0745,,-0.0745,,,CLOSED,Max SL
96,2026-09-13 20:35:45,BTC/USD:USD,E1_TREND_PULLBACK,LONG,77182.5,77107.5,-75.0,1,-0.075,,-0.075,,,CLOSED,Max SL
97,2026-09-13 22:00:01,BTC/USD:USD,E1_TREND_PULLBACK,LONG,77125.5,77217.5,92.0,1,0.092,,0.092,,,CLOSED,Trail SL (bar)
98,2026-09-13 22:47:34,BTC/USD:USD,E1_TREND_PULLBACK,LONG,77266.0,77344.5,78.5,1,0.0785,,0.0785,,,CLOSED,Trail SL (stage 0)
99,2026-09-14 02:03:06,BTC/USD:USD,E1_TREND_PULLBACK,LONG,77262.0,77334.0,72.0,1,0.07200000000000001,,0.07200000000000001,,,CLOSED,Trail SL (bar)
100,2026-09-14 03:30:00,BTC/USD:USD,E1_TREND_PULLBACK,LONG,77365.0,77285.5,-79.5,1,-0.0795,,-0.0795,,,CLOSED,Max SL
101,2026-09-14 04:54:19,BTC/USD:USD,E1_TREND_PULLBACK,SHORT,76702.0,76700.0,2.0,1,0.002,,0.002,,,CLOSED,Breakeven SL
102,2026-09-14 05:31:23,BTC/USD:USD,E1_TREND_PULLBACK,SHORT,76777.5,76854.5,-77.0,1,-0.077,,-0.077,,,CLOSED,Max SL
103,2026-09-14 08:55:45,BTC/USD:USD,E1_TREND_PULLBACK,LONG,77461.0,77739.5,278.5,1,0.2785,,0.2785,,,CLOSED,Trail SL (stage 1)
104,2026-09-14 10:02:36,BTC/USD:USD,E1_TREND_PULLBACK,LONG,77566.5,77574.0,7.5,1,0.0075,,0.0075,,,CLOSED,Breakeven SL
105,2026-09-14 16:24:24,BTC/USD:USD,E1_TREND_PULLBACK,LONG,77963.0,77880.0,-83.0,1,-0.083,,-0.083,,,CLOSED,Max SL
106,2026-09-14 19:51:45,BTC/USD:USD,E1_TREND_PULLBACK,LONG,78373.5,78387.5,14.0,1,0.014,,0.014,,,CLOSED,Breakeven SL
107,2026-09-14 20:35:24,BTC/USD:USD,E1_TREND_PULLBACK,LONG,78396.5,78307.0,-89.5,1,-0.0895,,-0.0895,,,CLOSED,Max SL
108,2026-09-14 23:44:39,BTC/USD:USD,E1_TREND_PULLBACK,LONG,78919.0,78831.0,-88.0,1,-0.088,,-0.088,,,CLOSED,Max SL
109,2026-09-15 00:32:54,BTC/USD:USD,E1_TREND_PULLBACK,LONG,79192.5,79119.5,-73.0,1,-0.073,,-0.073,,,CLOSED,Max SL
110,2026-09-15 02:15:19,BTC/USD:USD,E1_TREND_PULLBACK,LONG,79397.0,79310.0,-87.0,1,-0.08700000000000001,,-0.08700000000000001,,,CLOSED,Max SL
111,2026-09-15 05:23:17,BTC/USD:USD,E1_TREND_PULLBACK,SHORT,78279.5,78164.0,115.5,1,0.1155,,0.1155,,,CLOSED,Trail SL (stage 0)
112,2026-09-15 05:39:59,BTC/USD:USD,E1_TREND_PULLBACK,SHORT,78134.0,78221.5,-87.5,1,-0.08750000000000001,,-0.08750000000000001,,,CLOSED,Max SL
113,2026-09-15 06:41:11,BTC/USD:USD,E1_TREND_PULLBACK,SHORT,77947.5,77784.0,163.5,1,0.1635,,0.1635,,,CLOSED,Trail SL (stage 1)
114,2026-09-15 06:59:32,BTC/USD:USD,E1_TREND_PULLBACK,SHORT,77956.5,77831.5,125.0,1,0.125,,0.125,,,CLOSED,Trail SL (stage 0)
115,2026-09-15 07:19:39,BTC/USD:USD,E1_TREND_PULLBACK,SHORT,77948.5,77990.0,-41.5,1,-0.0415,,-0.0415,,,CLOSED,Max SL
116,2026-09-15 10:00:09,BTC/USD:USD,E1_TREND_PULLBACK,SHORT,77624.5,77601.0,23.5,1,0.0235,,0.0235,,,CLOSED,Breakeven SL
117,2026-09-15 10:32:45,BTC/USD:USD,E1_TREND_PULLBACK,SHORT,77589.0,77581.0,8.0,1,0.008,,0.008,,,CLOSED,Breakeven SL
118,2026-09-15 10:50:57,BTC/USD:USD,E1_TREND_PULLBACK,SHORT,77375.0,77363.0,12.0,1,0.012,,0.012,,,CLOSED,Breakeven SL
119,2026-09-15 11:10:25,BTC/USD:USD,E1_TREND_PULLBACK,SHORT,77408.5,77401.5,7.0,1,0.007,,0.007,,,CLOSED,Breakeven SL
120,2026-09-15 12:34:16,BTC/USD:USD,E1_TREND_PULLBACK,SHORT,77187.0,77279.5,-92.5,1,-0.0925,,-0.0925,,,CLOSED,Max SL
121,2026-09-15 13:15:38,BTC/USD:USD,E1_TREND_PULLBACK,SHORT,77107.0,77047.5,59.5,1,0.059500000000000004,,0.059500000000000004,,,CLOSED,Trail SL (stage 1)
122,2026-09-15 13:45:16,BTC/USD:USD,E1_TREND_PULLBACK,SHORT,76821.5,76804.5,17.0,1,0.017,,0.017,,,CLOSED,Breakeven SL
123,2026-09-15 14:09:52,BTC/USD:USD,E1_TREND_PULLBACK,SHORT,76844.5,76832.0,12.5,1,0.0125,,0.0125,,,CLOSED,Breakeven SL
124,2026-09-15 15:18:01,BTC/USD:USD,E1_TREND_PULLBACK,SHORT,76890.0,76974.5,-84.5,1,-0.0845,,-0.0845,,,CLOSED,Max SL
125,2026-09-15 20:54:09,BTC/USD:USD,E1_TREND_PULLBACK,SHORT,75984.5,76073.0,-88.5,1,-0.0885,,-0.0885,,,CLOSED,Max SL
126,2026-09-15 21:47:48,BTC/USD:USD,E1_TREND_PULLBACK,SHORT,76256.0,76348.5,-92.5,1,-0.0925,,-0.0925,,,CLOSED,Max SL
127,2026-09-15 23:49:36,BTC/USD:USD,E1_TREND_PULLBACK,SHORT,76547.0,76638.5,-91.5,1,-0.0915,,-0.0915,,,CLOSED,Max SL
128,2026-09-16 01:10:12,BTC/USD:USD,E1_TREND_PULLBACK,SHORT,75882.5,75986.5,-104.0,1,-0.10400000000000001,,-0.10400000000000001,,,CLOSED,Max SL
129,2026-09-16 03:54:10,BTC/USD:USD,E1_TREND_PULLBACK,SHORT,75412.0,75203.5,208.5,1,0.2085,,0.2085,,,CLOSED,Trail SL (stage 0)
130,2026-09-16 05:03:32,BTC/USD:USD,E1_TREND_PULLBACK,SHORT,75550.0,75614.5,-64.5,1,-0.0645,,-0.0645,,,CLOSED,Max SL
131,2026-09-16 07:45:37,BTC/USD:USD,E1_TREND_PULLBACK,SHORT,75595.0,75658.5,-63.5,1,-0.0635,,-0.0635,,,CLOSED,Max SL
132,2026-09-16 08:44:14,BTC/USD:USD,E1_TREND_PULLBACK,SHORT,75830.0,75920.0,-90.0,1,-0.09,,-0.09,,,CLOSED,Max SL
133,2026-09-16 13:59:49,BTC/USD:USD,E1_TREND_PULLBACK,SHORT,75423.0,75421.5,1.5,1,0.0015,,0.0015,,,CLOSED,Breakeven SL
134,2026-09-16 14:24:55,BTC/USD:USD,E1_TREND_PULLBACK,SHORT,75497.5,75565.5,-68.0,1,-0.068,,-0.068,,,CLOSED,Max SL
135,2026-09-16 16:45:30,BTC/USD:USD,E1_TREND_PULLBACK,LONG,75949.5,75864.0,-85.5,1,-0.0855,,-0.0855,,,CLOSED,Max SL
136,2026-09-16 17:50:27,BTC/USD:USD,E1_TREND_PULLBACK,LONG,76110.0,76053.5,-56.5,1,-0.0565,,-0.0565,,,CLOSED,Max SL
137,2026-09-16 19:11:26,BTC/USD:USD,E1_TREND_PULLBACK,SHORT,75607.5,75698.5,-91.0,1,-0.091,,-0.091,,,CLOSED,Max SL
138,2026-09-17 04:45:12,BTC/USD:USD,E1_TREND_PULLBACK,SHORT,75758.5,75851.0,-92.5,1,-0.0925,,-0.0925,,,CLOSED,Max SL
139,2026-09-17 05:43:31,BTC/USD:USD,E1_TREND_PULLBACK,LONG,76220.0,76322.5,102.5,1,0.10250000000000001,,0.10250000000000001,,,CLOSED,Trail SL (stage 0)
140,2026-09-17 06:30:22,BTC/USD:USD,E1_TREND_PULLBACK,LONG,76379.0,76309.5,-69.5,1,-0.0695,,-0.0695,,,CLOSED,Max SL
141,2026-09-17 07:04:03,BTC/USD:USD,E1_TREND_PULLBACK,LONG,76731.0,76664.5,-66.5,1,-0.0665,,-0.0665,,,CLOSED,Max SL
142,2026-09-17 10:24:46,BTC/USD:USD,E1_TREND_PULLBACK,LONG,76317.5,76416.0,98.5,1,0.0985,,0.0985,,,CLOSED,Trail SL (stage 0)
143,2026-09-17 11:10:59,BTC/USD:USD,E1_TREND_PULLBACK,LONG,76444.5,76354.5,-90.0,1,-0.09,,-0.09,,,CLOSED,Max SL
144,2026-09-17 13:26:11,BTC/USD:USD,E1_TREND_PULLBACK,LONG,76507.0,76416.5,-90.5,1,-0.0905,,-0.0905,,,CLOSED,Max SL
145,2026-09-17 15:14:40,BTC/USD:USD,E1_TREND_PULLBACK,LONG,76670.5,76575.5,-95.0,1,-0.095,,-0.095,,,CLOSED,Max SL
146,2026-09-17 16:55:19,BTC/USD:USD,E1_TREND_PULLBACK,LONG,76413.0,76321.5,-91.5,1,-0.0915,,-0.0915,,,CLOSED,Max SL
147,2026-09-17 18:29:31,BTC/USD:USD,E1_TREND_PULLBACK,LONG,76805.0,76739.0,-66.0,1,-0.066,,-0.066,,,CLOSED,Max SL
148,2026-09-17 20:12:19,BTC/USD:USD,E1_TREND_PULLBACK,LONG,76798.5,76678.5,-120.0,1,-0.12,,-0.12,,,CLOSED,Max SL
149,2026-09-18 04:02:17,BTC/USD:USD,E1_TREND_PULLBACK,SHORT,76332.0,76275.5,56.5,1,0.0565,,0.0565,,,CLOSED,Trail SL (stage 1)
150,2026-09-18 04:28:15,BTC/USD:USD,E1_TREND_PULLBACK,SHORT,76350.0,76341.0,9.0,1,0.009000000000000001,,0.009000000000000001,,,CLOSED,Breakeven SL
151,2026-09-18 07:40:30,BTC/USD:USD,E1_TREND_PULLBACK,LONG,76714.5,76625.5,-89.0,1,-0.089,,-0.089,,,CLOSED,Max SL
152,2026-09-18 08:41:40,BTC/USD:USD,E1_TREND_PULLBACK,LONG,76971.0,77091.0,120.0,1,0.12,,0.12,,,CLOSED,Trail SL (stage 0)
153,2026-09-18 09:35:05,BTC/USD:USD,E1_TREND_PULLBACK,LONG,77383.0,77311.5,-71.5,1,-0.07150000000000001,,-0.07150000000000001,,,CLOSED,Max SL
154,2026-09-18 10:32:15,BTC/USD:USD,E1_TREND_PULLBACK,LONG,77315.0,77530.0,215.0,1,0.215,,0.215,,,CLOSED,Trail SL (stage 0)
155,2026-09-18 10:56:51,BTC/USD:USD,E1_TREND_PULLBACK,LONG,77516.0,77425.0,-91.0,1,-0.091,,-0.091,,,CLOSED,Max SL
156,2026-09-18 13:34:19,BTC/USD:USD,E1_TREND_PULLBACK,LONG,77780.0,77874.0,94.0,1,0.094,,0.094,,,CLOSED,Trail SL (stage 0)
157,2026-09-18 14:34:01,BTC/USD:USD,E1_TREND_PULLBACK,LONG,77937.0,78292.0,355.0,1,0.355,,0.355,,,CLOSED,Trail SL (stage 2)
158,2026-09-18 14:56:14,BTC/USD:USD,E1_TREND_PULLBACK,LONG,78297.5,78204.5,-93.0,1,-0.093,,-0.093,,,CLOSED,Max SL
159,2026-09-18 15:42:36,BTC/USD:USD,E1_TREND_PULLBACK,LONG,78179.5,78106.5,-73.0,1,-0.073,,-0.073,,,CLOSED,Max SL
160,2026-09-18 20:33:26,BTC/USD:USD,E1_TREND_PULLBACK,LONG,80869.5,80764.5,-105.0,1,-0.105,,-0.105,,,CLOSED,Max SL
161,2026-09-18 21:26:15,BTC/USD:USD,E1_TREND_PULLBACK,LONG,80704.5,80614.5,-90.0,1,-0.09,,-0.09,,,CLOSED,Max SL
162,2026-09-18 22:16:42,BTC/USD:USD,E1_TREND_PULLBACK,LONG,80966.0,80867.5,-98.5,1,-0.0985,,-0.0985,,,CLOSED,Max SL
163,2026-09-19 06:03:14,BTC/USD:USD,E1_TREND_PULLBACK,LONG,80994.0,81231.5,237.5,1,0.23750000000000002,,0.23750000000000002,,,CLOSED,Trail SL (stage 1)
164,2026-09-19 06:23:13,BTC/USD:USD,E1_TREND_PULLBACK,LONG,81272.0,81336.5,64.5,1,0.0645,,0.0645,,,CLOSED,Trail SL (stage 0)
165,2026-09-19 08:15:11,BTC/USD:USD,E1_TREND_PULLBACK,LONG,81257.5,81281.5,24.0,1,0.024,,0.024,,,CLOSED,Breakeven SL
166,2026-09-19 11:49:41,BTC/USD:USD,E1_TREND_PULLBACK,LONG,81056.5,80981.0,-75.5,1,-0.0755,,-0.0755,,,CLOSED,Max SL
167,2026-09-19 14:38:12,BTC/USD:USD,E1_TREND_PULLBACK,LONG,81327.5,81358.5,31.0,1,0.031,,0.031,,,CLOSED,Trail SL (stage 0)
168,2026-09-19 15:01:54,BTC/USD:USD,E1_TREND_PULLBACK,LONG,81463.0,81371.0,-92.0,1,-0.092,,-0.092,,,CLOSED,Max SL
169,2026-09-19 20:41:24,BTC/USD:USD,E1_TREND_PULLBACK,LONG,81496.0,81668.5,172.5,1,0.17250000000000001,,0.17250000000000001,,,CLOSED,Trail SL (stage 1)
170,2026-09-19 20:58:43,BTC/USD:USD,E1_TREND_PULLBACK,LONG,81628.0,81561.0,-67.0,1,-0.067,,-0.067,,,CLOSED,Max SL
171,2026-09-19 22:45:32,BTC/USD:USD,E1_TREND_PULLBACK,LONG,81771.0,81681.0,-90.0,1,-0.09,,-0.09,,,CLOSED,Max SL
172,2026-09-20 00:20:47,BTC/USD:USD,E1_TREND_PULLBACK,LONG,81486.0,81408.0,-78.0,1,-0.078,,-0.078,,,CLOSED,Max SL
173,2026-09-20 02:28:57,BTC/USD:USD,E1_TREND_PULLBACK,SHORT,81188.0,81098.5,89.5,1,0.0895,,0.0895,,,CLOSED,Trail SL (stage 1)
174,2026-09-20 02:56:42,BTC/USD:USD,E1_TREND_PULLBACK,SHORT,81031.5,81024.0,7.5,1,0.0075,,0.0075,,,CLOSED,Breakeven SL
175,2026-09-20 03:22:57,BTC/USD:USD,E1_TREND_PULLBACK,SHORT,81013.0,81107.0,-94.0,1,-0.094,,-0.094,,,CLOSED,Max SL
176,2026-09-20 07:45:12,BTC/USD:USD,E1_TREND_PULLBACK,SHORT,81036.0,81127.5,-91.5,1,-0.0915,,-0.0915,,,CLOSED,Max SL
177,2026-09-20 09:55:25,BTC/USD:USD,E1_TREND_PULLBACK,SHORT,80447.5,80439.0,8.5,1,0.0085,,0.0085,,,CLOSED,Breakeven SL
